,Experiment_1,Experiment_2,Experiment_3,Experiment_4,Experiment_5,Experiment_6,Experiment_7,Experiment_8
Satellite,440.072407,474.642858,461.519637,453.519509,426.961118,426.959671,421.085017,476.039783
Spambase,504.070569,488.166901,494.584355,453.33507,510.294591,502.046558,464.840347,439.46161
Yeast,449.909498,450.004271,457.254535,470.485386,464.916701,456.473748,475.711174,527.244688
Iris,439.369632,448.528679,452.981711,458.364199,478.110558,442.980427,461.854066,505.810729
Diabetes,440.044874,407.287025,440.952691,414.731447,408.403096,461.433132,462.437922,440.709813
Vehicle,454.903841,424.676826,412.260327,447.453982,432.80915,413.722294,436.110615,469.262966
